{
  "rmse": 15.784525495471428,
  "mae": 11.648192405700684,
  "r2": 0.9266076683998108,
  "mape": 14.37505054473877,
  "max_error": 53.36767578125,
  "n_samples": 225
}